fLabel;fIndex;fStatus;fSign;fV.fX;fV.fY;fV.fZ;fP.fX;fP.fY;fP.fZ;fBeta;fDcaXY;fDcaZ;fPVX;fPVY;fPVZ
-3141593;-1;-1006587649;1;-0.140165;0.418375;4.195440;-0.763151;-0.956541;-0.779332;0.000000;-0.242047;-0.083360;0.049042;0.267420;4.278800
-3141593;-1;-1073741569;-1;0.041586;0.276805;4.336021;0.184377;0.146494;0.010933;0.000002;0.011986;0.057221;0.049042;0.267420;4.278800
-3141593;-1;-1073741569;-1;0.048825;0.268765;4.271535;0.296918;0.047914;0.154639;0.000000;0.001362;-0.007265;0.049042;0.267420;4.278800
-3141593;-1;-1006628609;-1;0.049085;0.267411;6.511056;0.121395;0.531980;-0.506146;0.000000;-0.000043;2.232257;0.049042;0.267420;4.278800
-3141593;-1;-1073737473;-1;0.045192;0.262105;4.139009;0.393424;-0.285019;-0.565013;0.000000;-0.006563;-0.139790;0.049042;0.267420;4.278800
-3141593;-1;-1006632705;1;-0.029233;0.141920;6.463303;0.125025;-0.077979;0.064432;0.000000;-0.147910;2.184503;0.049042;0.267420;4.278800
