fLabel;fIndex;fStatus;fSign;fV.fX;fV.fY;fV.fZ;fP.fX;fP.fY;fP.fZ;fBeta;fDcaXY;fDcaZ;fPVX;fPVY;fPVZ
-3141593;-1;-1073741577;-1;0.059537;0.262441;-9.909698;0.118369;-0.277588;0.539515;0.000000;0.002601;-0.000639;0.057144;0.261421;-9.909059
