fLabel;fIndex;fStatus;fSign;fV.fX;fV.fY;fV.fZ;fP.fX;fP.fY;fP.fZ;fBeta;fDcaXY;fDcaZ;fPVX;fPVY;fPVZ
-3141593;-1;-1073741569;-1;0.116353;0.310450;-3.422196;-0.300481;0.312287;-0.056809;0.000000;-0.042632;-0.006958;0.085633;0.280891;-3.415239
-3141593;-1;-1073696521;-1;0.093194;0.277921;-3.413440;0.157581;0.401207;0.230777;0.000000;-0.008123;0.001799;0.085633;0.280891;-3.415239
-3141593;-1;-1073696513;1;0.109972;0.314363;-3.412600;-0.356196;0.259008;-0.357287;0.000000;-0.041385;0.002639;0.085633;0.280891;-3.415239
