fLabel;fIndex;fStatus;fSign;fV.fX;fV.fY;fV.fZ;fP.fX;fP.fY;fP.fZ;fBeta;fDcaXY;fDcaZ;fPVX;fPVY;fPVZ
-3141593;-1;-1073737473;1;0.045399;0.277074;-17.918119;-1.017368;-0.329529;1.062353;0.000000;-0.012668;-0.003370;0.049302;0.265023;-17.914749
