fLabel;fIndex;fStatus;fSign;fV.fX;fV.fY;fV.fZ;fP.fX;fP.fY;fP.fZ;fBeta;fDcaXY;fDcaZ;fPVX;fPVY;fPVZ
-3141593;-1;-1073696521;1;0.047412;0.276948;-4.953588;0.133601;-0.733352;-0.286013;0.000000;-0.010622;-0.007348;0.057863;0.278851;-4.946240
-3141593;-1;-1073737481;-1;0.063198;0.193196;-4.981519;-0.904503;-0.056346;-0.499691;0.000000;0.085821;-0.035279;0.057863;0.278851;-4.946240
-3141593;-1;-1073696521;1;0.055337;0.287450;-4.948977;0.563198;0.165413;-0.218478;0.000000;0.008962;-0.002737;0.057863;0.278851;-4.946240
-3141593;-1;-1073737481;1;0.060323;0.282624;-4.936918;-0.532463;0.347217;-0.389701;0.000000;-0.004504;0.009322;0.057863;0.278851;-4.946240
-3141593;-1;-1073696521;1;0.119605;0.253777;-4.972885;-0.198027;-0.487613;0.160779;0.000000;0.066640;-0.026645;0.057863;0.278851;-4.946240
-3141593;-1;-1073737481;-1;0.058434;0.279309;-4.920407;0.324875;-0.406044;0.714969;0.000000;0.000732;0.025833;0.057863;0.278851;-4.946240
