fLabel;fIndex;fStatus;fSign;fV.fX;fV.fY;fV.fZ;fP.fX;fP.fY;fP.fZ;fBeta;fDcaXY;fDcaZ;fPVX;fPVY;fPVZ
-3141593;-1;-1073741577;1;0.064525;0.265482;-2.230951;0.399760;-0.352676;-0.089999;0.000000;0.002892;-0.003322;0.062612;0.263314;-2.227629
-3141593;-1;-1073696521;1;0.059311;0.262936;-2.180391;-0.059071;0.515567;-0.004369;0.000000;0.003323;0.047239;0.062612;0.263314;-2.227629
-3141593;-1;-1073737481;-1;0.060269;0.273878;-2.241214;0.872661;0.193552;-0.424046;0.000000;0.010821;-0.013585;0.062612;0.263314;-2.227629
-3141593;-1;-1073737481;1;0.053392;0.272363;-2.031684;-0.236487;-0.240982;-0.018902;0.000000;-0.012919;0.195945;0.062612;0.263314;-2.227629
-3141593;-1;-1006628617;-1;0.283577;0.061224;-2.691292;-0.375504;-0.410576;-0.176622;0.000000;0.299442;-0.463663;0.062612;0.263314;-2.227629
-3141593;-1;-973078281;1;1.548428;-0.632821;-1.213424;-0.089446;-0.148303;0.103995;0.000001;1.735138;1.014205;0.062612;0.263314;-2.227629
-3141593;-1;-1073741577;-1;0.052921;0.261251;-2.205427;-0.051610;0.242493;0.271840;0.000000;0.009908;0.022202;0.062612;0.263314;-2.227629
