fLabel;fIndex;fStatus;fSign;fV.fX;fV.fY;fV.fZ;fP.fX;fP.fY;fP.fZ;fBeta;fDcaXY;fDcaZ;fPVX;fPVY;fPVZ
-3141593;-1;-1006628617;1;0.079480;0.272923;18.540520;0.387671;-0.706257;-0.751606;0.000000;0.020242;17.630121;0.061735;0.263183;0.910399
-3141593;-1;-1006628617;-1;0.115464;0.339973;3.142644;0.399802;-0.279735;0.047130;0.000000;0.093721;2.232245;0.061735;0.263183;0.910399
-3141593;-1;-1006628617;1;0.029873;0.296854;1.832643;-0.632449;-0.598472;-0.458849;0.000000;-0.046357;0.922244;0.061735;0.263183;0.910399
