fLabel;fIndex;fStatus;fSign;fV.fX;fV.fY;fV.fZ;fP.fX;fP.fY;fP.fZ;fBeta;fDcaXY;fDcaZ;fPVX;fPVY;fPVZ
-3141593;-1;-1073737473;-1;0.051077;0.245706;5.073605;0.725014;-0.249444;0.081930;0.000000;-0.019134;0.066313;0.057301;0.263799;5.007291
-3141593;-1;-1073696513;1;0.057291;0.263794;5.015519;-0.699592;1.618646;0.336045;0.000000;0.000012;0.008228;0.057301;0.263799;5.007291
-3141593;-1;-1006587649;-1;0.183409;0.280093;-10.133210;0.088577;-0.685537;-0.421450;0.000000;0.127156;-15.140501;0.057301;0.263799;5.007291
-3141593;-1;-1006628617;-1;0.056772;0.264380;-10.061073;0.448741;0.408623;0.396374;0.000000;0.000786;-15.068364;0.057301;0.263799;5.007291
-3141593;-1;-1073737481;-1;0.005040;0.237465;4.899283;-0.231976;0.460377;-0.733481;0.000000;0.058522;-0.108008;0.057301;0.263799;5.007291
-3141593;-1;-1073737473;1;0.060937;0.339375;4.987725;0.741987;-0.035691;-0.429653;0.000000;0.075664;-0.019566;0.057301;0.263799;5.007291
-3141593;-1;-1073741569;-1;0.067319;0.279133;4.991166;-0.152059;0.099335;-0.009951;0.000001;-0.018317;-0.016125;0.057301;0.263799;5.007291
