fLabel;fIndex;fStatus;fSign;fV.fX;fV.fY;fV.fZ;fP.fX;fP.fY;fP.fZ;fBeta;fDcaXY;fDcaZ;fPVX;fPVY;fPVZ
-3141593;-1;-1073737481;1;0.046540;0.300691;15.041773;-0.474562;-0.109522;-0.425302;0.000000;-0.032391;0.000623;0.053824;0.269129;15.041150
