fLabel;fIndex;fStatus;fSign;fV.fX;fV.fY;fV.fZ;fP.fX;fP.fY;fP.fZ;fBeta;fDcaXY;fDcaZ;fPVX;fPVY;fPVZ
-3141593;-1;-1073737473;-1;0.053945;0.263233;5.721261;-0.403322;-0.720306;-0.223839;0.000000;-0.001706;0.022304;0.055434;0.262400;5.698957
-3141593;-1;-1073737473;-1;0.057014;0.261897;5.759943;-0.138044;-0.433881;-0.077760;0.000000;0.001659;0.060987;0.055434;0.262400;5.698957
-3141593;-1;-1073696513;1;0.070549;0.232743;5.717110;0.673626;0.343324;-0.381572;0.000000;-0.033286;0.018153;0.055434;0.262400;5.698957
-3141593;-1;-1073741569;1;0.078926;0.273663;5.698757;0.122475;-0.255444;0.090402;0.000000;0.026053;-0.000200;0.055434;0.262400;5.698957
-3141593;-1;-1073737473;-1;0.054644;0.264624;5.688709;0.584669;0.207585;0.508266;0.000000;0.002360;-0.010248;0.055434;0.262400;5.698957
