fLabel;fIndex;fStatus;fSign;fV.fX;fV.fY;fV.fZ;fP.fX;fP.fY;fP.fZ;fBeta;fDcaXY;fDcaZ;fPVX;fPVY;fPVZ
-3141593;-1;-1006632705;1;0.507442;-0.582044;16.975777;0.109823;0.058989;-0.037522;0.000000;-0.959655;-0.537183;0.053341;0.263373;17.512959
