fLabel;fIndex;fStatus;fSign;fV.fX;fV.fY;fV.fZ;fP.fX;fP.fY;fP.fZ;fBeta;fDcaXY;fDcaZ;fPVX;fPVY;fPVZ
-3141593;-1;-1073741577;1;-0.004560;0.198487;5.555169;-0.190398;0.146067;0.206984;0.000000;0.118770;0.001954;0.067732;0.292721;5.553215
