fLabel;fIndex;fStatus;fSign;fV.fX;fV.fY;fV.fZ;fP.fX;fP.fY;fP.fZ;fBeta;fDcaXY;fDcaZ;fPVX;fPVY;fPVZ
-3141593;-1;-1073696521;-1;0.059133;0.273445;3.734635;-0.877825;-2.811826;0.542107;0.000000;0.000234;-0.001740;0.058910;0.273514;3.736375
-3141593;-1;-1073737481;-1;0.059092;0.276999;3.725460;-0.986747;0.051661;-0.125762;0.000000;-0.003489;-0.010915;0.058910;0.273514;3.736375
-3141593;-1;-1073696521;1;0.057094;0.275151;3.740185;0.541336;0.600514;0.198748;0.000000;0.002445;0.003810;0.058910;0.273514;3.736375
-3141593;-1;-1073737481;-1;0.061339;0.265520;3.785851;-0.590881;-0.179566;0.020186;0.000000;0.008356;0.049476;0.058910;0.273514;3.736375
-3141593;-1;-1006587657;1;-0.218436;0.543862;3.849762;0.217789;0.223426;0.004651;0.000000;0.387309;0.113387;0.058910;0.273514;3.736375
-3141593;-1;-1073696521;-1;0.061835;0.281545;3.797663;-0.580561;0.211535;0.532353;0.000000;-0.008547;0.061288;0.058910;0.273514;3.736375
-3141593;-1;-973074185;-1;-1.116876;1.242543;2.193813;0.314205;0.381246;-0.564909;0.000000;1.523643;-1.542562;0.058910;0.273514;3.736375
-3141593;-1;-1073737481;-1;0.052455;0.273440;3.709659;-0.006425;0.554189;0.033314;0.000000;0.006455;-0.026717;0.058910;0.273514;3.736375
-3141593;-1;-973074185;1;1.776486;0.747208;2.321520;-0.096126;0.348544;-0.450284;0.000000;-1.781700;-1.414855;0.058910;0.273514;3.736375
