fLabel;fIndex;fStatus;fSign;fV.fX;fV.fY;fV.fZ;fP.fX;fP.fY;fP.fZ;fBeta;fDcaXY;fDcaZ;fPVX;fPVY;fPVZ
-3141593;-1;-1006628617;-1;0.057886;0.258900;2.381070;0.128477;0.472752;0.113338;0.000000;0.026054;-0.831814;0.083029;0.252067;3.212884
-3141593;-1;-1006628617;-1;0.079821;0.241426;2.618040;0.465371;-0.140280;0.192531;0.000000;-0.011114;-0.594844;0.083029;0.252067;3.212884
-3141593;-1;-1073737481;1;0.097810;0.246401;3.212880;-0.198264;-0.517252;0.155986;0.000004;0.015830;-0.000004;0.083029;0.252067;3.212884
