fLabel;fIndex;fStatus;fSign;fV.fX;fV.fY;fV.fZ;fP.fX;fP.fY;fP.fZ;fBeta;fDcaXY;fDcaZ;fPVX;fPVY;fPVZ
-3141593;-1;-1073737481;-1;0.960877;1.229756;2.515680;-0.262223;0.249940;0.243108;0.000000;-1.294504;2.515680;0.058399;0.204709;-27.887094
-3141593;-1;-1073737481;-1;-0.206950;1.080314;3.254592;0.379216;0.132256;0.131200;0.000000;0.834119;3.254592;0.058399;0.204709;-27.887094
-3141593;-1;-1073741569;-1;0.558548;-0.482089;3.127589;-0.169272;-0.107228;0.029571;0.000000;0.917185;3.127589;0.058399;0.204709;-27.887094
-3141593;-1;-1073741569;1;-0.532988;0.470455;3.199611;-0.059061;-0.199620;-0.115571;0.000000;-0.626462;3.199611;0.058399;0.204709;-27.887094
