fLabel;fIndex;fStatus;fSign;fV.fX;fV.fY;fV.fZ;fP.fX;fP.fY;fP.fZ;fBeta;fDcaXY;fDcaZ;fPVX;fPVY;fPVZ
-3141593;-1;-1073696513;1;0.076498;0.257144;4.556211;0.126685;1.137783;0.498018;0.000000;-0.003279;-0.005532;0.073239;0.257507;4.561743
-3141593;-1;-1073696513;1;0.070579;0.267902;4.589742;-0.421547;-0.107871;0.097127;0.000000;-0.010730;0.027999;0.073239;0.257507;4.561743
-3141593;-1;-1073696513;1;0.080640;0.250903;4.601561;0.328346;0.367929;0.211533;0.000000;-0.009919;0.039818;0.073239;0.257507;4.561743
-3141593;-1;-1073741569;1;0.070935;0.258276;4.449990;0.079943;0.239665;-0.092080;0.000000;0.002429;-0.111753;0.073239;0.257507;4.561743
-3141593;-1;-1073741569;-1;0.036544;0.156291;4.835912;-0.204158;0.074016;0.127961;0.000000;0.107663;0.274169;0.073239;0.257507;4.561743
