fLabel;fIndex;fStatus;fSign;fV.fX;fV.fY;fV.fZ;fP.fX;fP.fY;fP.fZ;fBeta;fDcaXY;fDcaZ;fPVX;fPVY;fPVZ
-3141593;-1;-1073737481;1;0.046287;0.259897;8.841655;-0.728065;-0.659775;0.647519;0.000000;-0.004695;-0.040383;0.049440;0.256418;8.882037
-3141593;-1;-1073696521;1;-0.035844;0.081339;8.617738;0.349247;-0.170124;0.167558;0.000000;-0.194746;-0.264300;0.049440;0.256418;8.882037
-3141593;-1;-1006587657;-1;0.327903;0.993837;9.074056;0.291976;-0.110256;0.056246;0.000000;0.788243;0.192018;0.049440;0.256418;8.882037
