fLabel;fIndex;fStatus;fSign;fV.fX;fV.fY;fV.fZ;fP.fX;fP.fY;fP.fZ;fBeta;fDcaXY;fDcaZ;fPVX;fPVY;fPVZ
-3141593;-1;-1073737473;-1;0.123423;0.222169;-2.178045;-0.408872;-0.637935;-0.251697;0.000000;0.081801;0.095414;0.054553;0.266310;-2.273459
-3141593;-1;-1073737473;-1;0.051331;0.269424;-2.281984;0.833697;0.862549;-1.269623;0.000000;0.004482;-0.008525;0.054553;0.266310;-2.273459
-3141593;-1;-1073737473;1;0.065167;0.264118;-2.264202;0.069570;0.336884;-0.303047;0.000000;-0.010838;0.009258;0.054553;0.266310;-2.273459
-3141593;-1;-1073737473;1;0.053942;0.266203;-2.239985;-0.077517;0.443800;-0.146870;0.000000;0.000621;0.033474;0.054553;0.266310;-2.273459
-3141593;-1;-1073741569;-1;0.180711;0.164433;-2.510966;-0.157061;-0.194496;-0.214171;0.000000;0.162156;-0.237507;0.054553;0.266310;-2.273459
-3141593;-1;-1073696513;1;0.064838;0.188281;-2.378709;-0.351539;-0.046334;0.240336;0.000000;0.078703;-0.105250;0.054553;0.266310;-2.273459
-3141593;-1;-1073741569;-1;0.064336;0.252719;-2.240131;-0.204831;-0.147450;0.264211;0.000000;0.016745;0.033328;0.054553;0.266310;-2.273459
