fLabel;fIndex;fStatus;fSign;fV.fX;fV.fY;fV.fZ;fP.fX;fP.fY;fP.fZ;fBeta;fDcaXY;fDcaZ;fPVX;fPVY;fPVZ
-3141593;-1;-1006628617;-1;0.187423;-0.286871;6.500712;1.336527;0.259415;-1.439128;0.000000;-0.536848;0.017940;0.085132;0.240142;6.482771
-3141593;-1;-1073737481;-1;0.086369;0.238058;6.463127;1.069198;0.635144;-1.558012;0.000000;-0.002423;-0.019644;0.085132;0.240142;6.482771
-3141593;-1;-1073737481;-1;0.078648;0.255370;6.468989;0.379156;0.161430;-0.430629;0.000000;0.016551;-0.013782;0.085132;0.240142;6.482771
