fLabel;fIndex;fStatus;fSign;fV.fX;fV.fY;fV.fZ;fP.fX;fP.fY;fP.fZ;fBeta;fDcaXY;fDcaZ;fPVX;fPVY;fPVZ
-3141593;-1;-1073737481;-1;0.050444;0.163673;1.041580;0.334203;-0.024094;0.004765;0.000000;-0.096445;-0.290446;0.057379;0.259868;1.332026
-3141593;-1;-1073737481;1;0.058209;0.260551;1.328110;-0.292320;0.354974;-0.035040;0.000000;-0.001075;-0.003916;0.057379;0.259868;1.332026
-3141593;-1;-1073741577;1;0.056366;0.231222;1.353820;-0.170056;0.006017;0.106053;0.000000;0.028663;0.021794;0.057379;0.259868;1.332026
