fLabel;fIndex;fStatus;fSign;fV.fX;fV.fY;fV.fZ;fP.fX;fP.fY;fP.fZ;fBeta;fDcaXY;fDcaZ;fPVX;fPVY;fPVZ
-3141593;-1;-1072123649;-1;-0.035038;0.222441;11.239990;0.153954;-0.319361;-0.097990;0.000000;0.005722;-0.090806;-0.040192;0.219957;11.330796
-3141593;-1;-1072123649;-1;-0.081713;0.217826;11.299648;0.018315;-0.356980;0.213638;0.000000;-0.041575;-0.031148;-0.040192;0.219957;11.330796
-3141593;-1;-1072120833;-1;-0.039074;0.217313;11.320677;-0.328676;-0.139009;0.187352;0.000000;0.002870;-0.010119;-0.040192;0.219957;11.330796
-3141593;-1;-1073213185;-1;-0.036388;0.233113;11.297121;-0.340197;0.098368;-0.357998;0.000000;-0.013695;-0.033675;-0.040192;0.219957;11.330796
-3141593;-1;-1073213185;-1;-0.032478;0.191639;11.341735;0.342494;0.093300;0.197157;0.000000;-0.029349;0.010939;-0.040192;0.219957;11.330796
-3141593;-1;-1072123649;-1;-0.023464;0.208255;11.275810;-0.204237;-0.291957;-0.228127;0.000000;0.020414;-0.054986;-0.040192;0.219957;11.330796
-3141593;-1;-1072123649;-1;-0.012479;0.201407;11.419382;0.197646;0.295284;-0.070191;0.000000;-0.033348;0.088586;-0.040192;0.219957;11.330796
-3141593;-1;-1072123649;-1;-0.046195;0.215459;11.342297;0.213901;-0.285473;0.064812;0.000000;-0.007501;0.011500;-0.040192;0.219957;11.330796
-3141593;-1;-1072123649;-1;-0.043208;0.217278;11.335546;-0.235235;0.264924;-0.147148;0.000000;0.004034;0.004750;-0.040192;0.219957;11.330796
