fLabel;fIndex;fStatus;fSign;fV.fX;fV.fY;fV.fZ;fP.fX;fP.fY;fP.fZ;fBeta;fDcaXY;fDcaZ;fPVX;fPVY;fPVZ
-3141593;-1;-1006587657;1;0.117021;0.441058;-3.078054;0.627064;-0.195814;-0.175613;0.000000;0.196909;-0.094318;0.058327;0.253100;-2.983736
-3141593;-1;-1073696521;-1;0.057856;0.254287;-2.983400;0.610838;0.242296;0.300677;0.000000;0.001277;0.000336;0.058327;0.253100;-2.983736
-3141593;-1;-1073737473;1;0.057155;0.255442;-3.036186;-0.358534;-0.179450;0.042323;0.000000;-0.002619;-0.052450;0.058327;0.253100;-2.983736
-3141593;-1;-1073741569;1;-0.060695;0.369681;-3.156140;-0.142191;-0.145167;0.017478;0.000000;-0.166606;-0.172404;0.058327;0.253100;-2.983736
-3141593;-1;-1073741569;1;0.050720;0.248798;-2.871453;-0.116830;0.206635;-0.244263;0.000000;0.008739;0.112284;0.058327;0.253100;-2.983736
-3141593;-1;-1073741569;-1;0.057997;0.253189;-2.956263;-0.075853;-0.280738;0.299932;0.000000;-0.000342;0.027473;0.058327;0.253100;-2.983736
