fLabel;fIndex;fStatus;fSign;fV.fX;fV.fY;fV.fZ;fP.fX;fP.fY;fP.fZ;fBeta;fDcaXY;fDcaZ;fPVX;fPVY;fPVZ
-3141593;-1;-1073696521;1;0.051630;0.257833;8.699390;-0.396158;-0.220525;-0.044505;0.000000;-0.004805;-0.001245;0.053967;0.253634;8.700636
-3141593;-1;-1073737481;-1;0.035551;0.256210;8.576645;-0.084858;-0.606696;-0.782403;0.000000;-0.018596;-0.123991;0.053967;0.253634;8.700636
-3141593;-1;-1006632713;1;1.791247;0.334065;9.703002;-0.013296;0.287195;0.174599;0.000000;-1.739141;1.002366;0.053967;0.253634;8.700636
-3141593;-1;-1073741577;1;0.065162;0.247516;8.712851;0.127643;0.233573;0.217364;0.000000;-0.012758;0.012216;0.053967;0.253634;8.700636
-3141593;-1;-1073737481;1;0.055678;0.252204;8.717199;0.332547;0.398005;-0.686924;0.000000;-0.002229;0.016564;0.053967;0.253634;8.700636
-3141593;-1;-1073741577;1;0.109148;0.184724;8.731869;-0.140874;-0.112809;-0.142934;0.000002;0.088281;0.031234;0.053967;0.253634;8.700636
-3141593;-1;-1073741577;-1;-0.024250;0.183830;8.757700;-0.097973;0.109782;-0.141453;0.000000;0.104835;0.057065;0.053967;0.253634;8.700636
