fLabel;fIndex;fStatus;fSign;fV.fX;fV.fY;fV.fZ;fP.fX;fP.fY;fP.fZ;fBeta;fDcaXY;fDcaZ;fPVX;fPVY;fPVZ
-3141593;-1;-1073737473;1;0.061504;0.256597;-9.245209;-0.278366;-0.175242;0.022168;0.000000;0.000639;0.008050;0.061163;0.257138;-9.253258
-3141593;-1;-1073737473;1;0.062156;0.254936;-9.260093;-0.487219;-0.219626;-0.136786;0.000000;0.002415;-0.006835;0.061163;0.257138;-9.253258
-3141593;-1;-1073737473;1;0.174374;0.292204;-9.223714;-0.117434;0.379129;0.190963;0.000000;-0.118517;0.029544;0.061163;0.257138;-9.253258
