fLabel;fIndex;fStatus;fSign;fV.fX;fV.fY;fV.fZ;fP.fX;fP.fY;fP.fZ;fBeta;fDcaXY;fDcaZ;fPVX;fPVY;fPVZ
-3141593;-1;-1073696521;-1;0.046492;0.253373;4.225275;0.330539;-0.381629;-0.174877;0.000000;-0.005828;0.000097;0.050897;0.257189;4.225177
