fLabel;fIndex;fStatus;fSign;fV.fX;fV.fY;fV.fZ;fP.fX;fP.fY;fP.fZ;fBeta;fDcaXY;fDcaZ;fPVX;fPVY;fPVZ
-3141593;-1;-1073741569;-1;0.082017;0.227004;7.666741;-0.231647;-0.132108;0.004049;0.000000;0.035007;0.021301;0.064675;0.257414;7.645441
-3141593;-1;-1006632705;-1;-0.716795;0.442445;8.027951;0.058221;0.245892;0.003414;0.000002;0.803076;0.382511;0.064675;0.257414;7.645441
-3141593;-1;-1073696513;1;0.064705;0.256145;7.626452;-0.494691;-0.012018;-0.044337;0.000000;0.001269;-0.018988;0.064675;0.257414;7.645441
-3141593;-1;-1073737473;1;0.070001;0.256467;7.657345;0.087663;0.493549;-0.542685;0.000000;-0.005410;0.011905;0.064675;0.257414;7.645441
