fLabel;fIndex;fStatus;fSign;fV.fX;fV.fY;fV.fZ;fP.fX;fP.fY;fP.fZ;fBeta;fDcaXY;fDcaZ;fPVX;fPVY;fPVZ
-3141593;-1;-1073741577;-1;0.036264;0.258019;-13.221810;-0.009030;0.267183;0.125543;0.000000;0.015810;-0.020978;0.052065;0.258553;-13.200832
-3141593;-1;-1073737481;-1;0.051219;0.260321;-13.253477;-0.292216;-0.139857;0.070442;0.000000;-0.001960;-0.052645;0.052065;0.258553;-13.200832
-3141593;-1;-1006632713;1;0.157631;0.393079;-13.755463;0.190663;-0.149618;0.117131;0.000000;0.171001;-0.554631;0.052065;0.258553;-13.200832
-3141593;-1;-1073737481;1;0.064823;0.257034;-13.140746;0.054564;0.458282;0.580498;0.000000;-0.012848;0.060086;0.052065;0.258553;-13.200832
-3141593;-1;-1073741577;-1;0.017363;0.241450;-13.203061;0.080098;-0.162525;0.038627;0.000000;-0.038688;-0.002229;0.052065;0.258553;-13.200832
