fLabel;fIndex;fStatus;fSign;fV.fX;fV.fY;fV.fZ;fP.fX;fP.fY;fP.fZ;fBeta;fDcaXY;fDcaZ;fPVX;fPVY;fPVZ
-3141593;-1;-1006628617;1;0.028334;0.247157;2.815131;0.253917;-0.871241;0.253577;0.000000;-0.029817;0.218950;0.056960;0.255500;2.596181
-3141593;-1;-1073737481;-1;0.054724;0.253047;2.614108;0.541079;-0.493248;-0.130997;0.000000;-0.003319;0.017927;0.056960;0.255500;2.596181
-3141593;-1;-1073737481;1;0.069751;0.257505;2.588913;0.127930;-0.816090;0.270630;0.000000;0.012948;-0.007268;0.056960;0.255500;2.596181
-3141593;-1;-1073741577;-1;0.060253;0.248656;2.540462;0.247437;0.119073;-0.031906;0.000002;-0.007595;-0.055719;0.056960;0.255500;2.596181
-3141593;-1;-1073737481;1;0.058038;0.253059;2.579921;-0.340552;-0.150460;0.005344;0.000000;0.002668;-0.016260;0.056960;0.255500;2.596181
-3141593;-1;-1073741577;1;0.098420;0.228418;2.660133;-0.114655;-0.175532;-0.234030;0.000000;0.049522;0.063952;0.056960;0.255500;2.596181
