fLabel;fIndex;fStatus;fSign;fV.fX;fV.fY;fV.fZ;fP.fX;fP.fY;fP.fZ;fBeta;fDcaXY;fDcaZ;fPVX;fPVY;fPVZ
-3141593;-1;-1073741577;-1;0.108222;0.292482;2.350539;0.102575;-0.204048;-0.015601;0.000000;0.073309;-0.015792;0.042723;0.259556;2.366331
-3141593;-1;-1073696521;1;0.023982;0.247333;2.395348;0.298172;-0.457200;0.326090;0.000000;-0.022374;0.029017;0.042723;0.259556;2.366331
-3141593;-1;-1073696521;-1;0.033845;0.255177;2.357702;0.140932;-0.285731;0.154808;0.000000;-0.009899;-0.008629;0.042723;0.259556;2.366331
-3141593;-1;-1073741577;1;0.360572;0.496216;2.386088;-0.106486;0.143018;0.004089;0.000001;-0.396278;0.019757;0.042723;0.259556;2.366331
-3141593;-1;-1073741577;1;0.032488;0.285266;2.334184;0.144653;0.057584;-0.003379;0.000001;0.027672;-0.032147;0.042723;0.259556;2.366331
