fLabel;fIndex;fStatus;fSign;fV.fX;fV.fY;fV.fZ;fP.fX;fP.fY;fP.fZ;fBeta;fDcaXY;fDcaZ;fPVX;fPVY;fPVZ
-3141593;-1;-1073696521;1;0.059084;0.247588;-5.781442;0.342441;1.807116;-0.076553;0.000000;0.000139;-0.023312;0.059221;0.247563;-5.758130
-3141593;-1;-1073737481;1;-0.169762;0.207890;-5.462176;-0.071781;0.414312;-0.079438;0.000000;0.232394;0.295954;0.059221;0.247563;-5.758130
-3141593;-1;-1073696521;1;0.048299;0.201839;-5.697730;0.565341;-0.135042;0.203208;0.000000;-0.047010;0.060400;0.059221;0.247563;-5.758130
-3141593;-1;-1073696521;-1;0.055303;0.244364;-5.740760;-0.407387;0.498951;0.002511;0.000000;0.005058;0.017370;0.059221;0.247563;-5.758130
-3141593;-1;-1006587657;1;0.450224;0.014506;-5.060604;-0.174120;-0.292125;-0.207299;0.000000;0.455191;0.697526;0.059221;0.247563;-5.758130
-3141593;-1;-1006587657;-1;0.084900;0.696943;-5.247565;0.391250;-0.022358;0.320998;0.000000;0.450114;0.510565;0.059221;0.247563;-5.758130
-3141593;-1;-1073737481;1;0.069780;0.248981;-5.828411;0.048507;-0.361093;0.428606;0.000000;0.010654;-0.070282;0.059221;0.247563;-5.758130
