fLabel;fIndex;fStatus;fSign;fV.fX;fV.fY;fV.fZ;fP.fX;fP.fY;fP.fZ;fBeta;fDcaXY;fDcaZ;fPVX;fPVY;fPVZ
-3141593;-1;-1073737481;1;0.060049;0.278983;-2.730031;-0.797730;0.028724;-0.358707;0.000000;-0.004283;0.002028;0.059895;0.274702;-2.732058
-3141593;-1;-1073737481;-1;0.063805;0.278795;-2.726069;-0.339428;0.324207;-0.117834;0.000000;-0.005660;0.005990;0.059895;0.274702;-2.732058
-3141593;-1;-1073696521;1;0.052870;0.278979;-2.780032;-0.296084;-0.486413;0.340829;0.000000;-0.008225;-0.047974;0.059895;0.274702;-2.732058
-3141593;-1;-1006632713;1;-0.086071;0.225868;-3.394114;0.092432;-0.276278;0.102454;0.000000;-0.153919;-0.662056;0.059895;0.274702;-2.732058
-3141593;-1;-1073737481;-1;0.001044;0.322094;-2.812502;-0.452802;-0.562289;0.742320;0.000000;-0.075560;-0.080444;0.059895;0.274702;-2.732058
-3141593;-1;-1073741577;-1;0.059924;0.271099;-2.712755;-0.216714;-0.001738;-0.109954;0.000000;0.003604;0.019304;0.059895;0.274702;-2.732058
-3141593;-1;-1073741577;-1;0.027123;0.234696;-2.725318;0.112277;-0.091973;0.093060;0.000000;-0.051716;0.006740;0.059895;0.274702;-2.732058
