fLabel;fIndex;fStatus;fSign;fV.fX;fV.fY;fV.fZ;fP.fX;fP.fY;fP.fZ;fBeta;fDcaXY;fDcaZ;fPVX;fPVY;fPVZ
-3141593;-1;-1073696513;1;0.045586;0.274338;-4.701705;0.301522;-0.246010;0.034565;0.000000;0.010714;0.101660;0.038813;0.266036;-4.803365
-3141593;-1;-1073737473;-1;0.042212;0.334354;-4.821941;0.480119;-0.023891;-0.054633;0.000000;0.068402;-0.018576;0.038813;0.266036;-4.803365
-3141593;-1;-1073696513;-1;0.033410;0.262268;-4.823196;0.298124;-0.427525;-0.278473;0.000000;-0.006587;-0.019831;0.038813;0.266036;-4.803365
-3141593;-1;-1006628617;-1;0.031237;0.194730;-11.946568;0.965955;-0.102627;-0.574223;0.000000;-0.071707;-7.143203;0.038813;0.266036;-4.803365
-3141593;-1;-1006628617;-1;-0.002457;0.221047;-12.381620;0.876932;-0.804440;-0.591745;0.000000;-0.061051;-7.578255;0.038813;0.266036;-4.803365
-3141593;-1;-1006587649;1;0.272985;-0.308585;-4.369162;-0.395342;-0.161112;-0.203114;0.000000;0.620504;0.434204;0.038813;0.266036;-4.803365
-3141593;-1;-1073741569;1;-0.008527;0.299652;-4.809807;0.139642;0.196650;0.107724;0.000000;0.058061;-0.006442;0.038813;0.266036;-4.803365
