fLabel;fIndex;fStatus;fSign;fV.fX;fV.fY;fV.fZ;fP.fX;fP.fY;fP.fZ;fBeta;fDcaXY;fDcaZ;fPVX;fPVY;fPVZ
-3141593;-1;-1073696513;1;0.060238;0.248400;-5.205240;-0.733299;-0.563586;0.167149;0.000000;0.008194;0.012179;0.055245;0.254897;-5.217419
-3141593;-1;-1006587649;1;0.055610;-0.854871;-1.194821;0.664786;0.000218;0.458858;0.000000;-1.109768;4.022599;0.055245;0.254897;-5.217419
-3141593;-1;-1073696521;1;0.052526;0.259682;-5.223085;0.305714;0.173719;0.126974;0.000000;0.005504;-0.005666;0.055245;0.254897;-5.217419
-3141593;-1;-1073737473;1;0.041140;0.248699;-5.220347;0.149402;-0.339964;0.444641;0.000000;-0.015407;-0.002928;0.055245;0.254897;-5.217419
-3141593;-1;-1006632713;1;-1.088769;0.948303;2.502299;-0.082886;-0.136750;-0.010824;0.000000;-1.337752;7.719718;0.055245;0.254897;-5.217419
