fLabel;fIndex;fStatus;fSign;fV.fX;fV.fY;fV.fZ;fP.fX;fP.fY;fP.fZ;fBeta;fDcaXY;fDcaZ;fPVX;fPVY;fPVZ
-3141593;-1;-1073737473;1;0.023519;0.352321;-7.412552;-0.329335;-0.244312;-0.220810;0.000000;-0.074209;0.008479;0.067732;0.292721;-7.421031
