fLabel;fIndex;fStatus;fSign;fV.fX;fV.fY;fV.fZ;fP.fX;fP.fY;fP.fZ;fBeta;fDcaXY;fDcaZ;fPVX;fPVY;fPVZ
-3141593;-1;-1073696513;-1;0.061478;0.255786;-6.073011;0.365698;0.139798;0.033453;0.000000;0.002959;-0.022320;0.062534;0.253022;-6.050691
-3141593;-1;-1073696513;-1;0.059490;0.243776;-6.017362;-0.498533;0.164159;0.260644;0.000000;0.009735;0.033329;0.062534;0.253022;-6.050691
-3141593;-1;-1073696521;-1;0.057736;0.255449;-6.053549;0.350653;0.693180;0.686441;0.000000;0.005377;-0.002858;0.062534;0.253022;-6.050691
-3141593;-1;-1073741569;1;0.349367;0.268694;-6.169498;0.014790;-0.270688;-0.144132;0.000000;0.287261;-0.118807;0.062534;0.253022;-6.050691
-3141593;-1;-1073737473;-1;0.065108;0.249614;-6.048462;-0.617768;-0.466536;0.757385;0.000000;0.004270;0.002229;0.062534;0.253022;-6.050691
-3141593;-1;-1073737473;1;0.030532;0.228512;-6.058815;-0.346979;0.453045;-0.291379;0.000000;0.040310;-0.008124;0.062534;0.253022;-6.050691
-3141593;-1;-1073696513;1;0.062541;0.253016;-6.016467;0.253114;0.294038;0.248589;0.000000;-0.000009;0.034224;0.062534;0.253022;-6.050691
-3141593;-1;-1073737473;-1;0.066090;0.251809;-6.067204;0.112680;0.330154;-0.130543;0.000000;-0.003757;-0.016513;0.062534;0.253022;-6.050691
-3141593;-1;-1073741577;-1;0.035115;0.273097;-6.033442;0.094756;0.129424;0.025219;0.000001;0.033983;0.017249;0.062534;0.253022;-6.050691
