fLabel;fIndex;fStatus;fSign;fV.fX;fV.fY;fV.fZ;fP.fX;fP.fY;fP.fZ;fBeta;fDcaXY;fDcaZ;fPVX;fPVY;fPVZ
-3141593;-1;-1073741569;-1;-0.218537;0.503507;6.454045;-0.186887;-0.231305;-0.002507;0.000002;-0.356557;0.042428;0.058806;0.279423;6.411617
-3141593;-1;-1006587649;1;-0.132281;0.309674;6.442632;-0.176916;-1.117525;1.076418;0.000000;-0.193467;0.031014;0.058806;0.279423;6.411617
-3141593;-1;-1073737473;-1;0.063943;0.276550;6.417950;-0.446563;-0.798416;0.015464;0.000000;0.005886;0.006333;0.058806;0.279423;6.411617
-3141593;-1;-1073737481;-1;0.075444;0.333409;6.333002;-0.735094;0.226551;0.808515;0.000000;-0.056492;-0.078616;0.058806;0.279423;6.411617
-3141593;-1;-1073696521;1;0.058839;0.279412;6.410574;0.208438;0.661828;-0.262239;0.000000;-0.000034;-0.001044;0.058806;0.279423;6.411617
-3141593;-1;-1073737481;1;0.032225;0.285177;6.417317;0.068810;0.317869;-0.007234;0.000000;0.027197;0.005700;0.058806;0.279423;6.411617
-3141593;-1;-1006628617;1;-0.620847;0.493459;4.951922;0.132163;0.419671;-0.588711;0.000000;0.712558;-1.459695;0.058806;0.279423;6.411617
-3141593;-1;-1073741569;-1;0.064831;0.308108;6.246544;-0.179515;0.037701;0.135891;0.000000;-0.029312;-0.165073;0.058806;0.279423;6.411617
-3141593;-1;-1006632713;1;1.642931;0.923931;-7.176695;0.058511;-0.143812;-0.135307;0.000000;1.710217;-13.588313;0.058806;0.279423;6.411617
