fLabel;fIndex;fStatus;fSign;fV.fX;fV.fY;fV.fZ;fP.fX;fP.fY;fP.fZ;fBeta;fDcaXY;fDcaZ;fPVX;fPVY;fPVZ
-3141593;-1;-1073737473;-1;0.052323;0.303771;-3.664975;-0.360785;-0.016680;0.159926;0.000000;-0.028906;0.017258;0.053658;0.274895;-3.682234
-3141593;-1;-1073737473;1;0.205236;0.321050;-3.647884;0.097021;-0.318631;-0.138743;0.000002;0.158449;0.034349;0.053658;0.274895;-3.682234
-3141593;-1;-1006587649;-1;-0.213195;-0.289524;0.690059;0.325352;-0.153824;0.252994;0.000000;-0.624324;4.372292;0.053658;0.274895;-3.682234
-3141593;-1;-1073741569;1;-0.019668;0.257847;-3.626317;0.064879;-0.279053;0.084286;0.000000;-0.075283;0.055917;0.053658;0.274895;-3.682234
