fLabel;fIndex;fStatus;fSign;fV.fX;fV.fY;fV.fZ;fP.fX;fP.fY;fP.fZ;fBeta;fDcaXY;fDcaZ;fPVX;fPVY;fPVZ
-3141593;-1;-1073696513;-1;0.074432;0.253007;-1.192400;-0.687596;-1.040763;0.777486;0.000000;0.019121;0.020529;0.058478;0.263547;-1.212929
-3141593;-1;-1073696513;1;0.060298;0.260088;-1.219517;-0.537704;-0.282803;-0.256360;0.000000;0.003908;-0.006588;0.058478;0.263547;-1.212929
-3141593;-1;-1073737481;-1;0.059459;0.262552;-1.249557;0.399396;0.393685;-0.658167;0.000000;-0.001397;-0.036628;0.058478;0.263547;-1.212929
-3141593;-1;-1073737481;1;0.051432;0.267659;-1.277719;-0.213605;-0.366065;-0.552370;0.000000;-0.008158;-0.064790;0.058478;0.263547;-1.212929
-3141593;-1;-1073737473;1;0.049460;0.282775;-1.178616;0.290635;0.136322;-0.269561;0.000000;0.021238;0.034313;0.058478;0.263547;-1.212929
-3141593;-1;-1073737481;1;0.007064;0.240721;-1.337176;-0.247084;0.556555;-0.837230;0.000000;0.056253;-0.124247;0.058478;0.263547;-1.212929
