fLabel;fIndex;fStatus;fSign;fV.fX;fV.fY;fV.fZ;fP.fX;fP.fY;fP.fZ;fBeta;fDcaXY;fDcaZ;fPVX;fPVY;fPVZ
-3141593;-1;-1073737481;1;0.060460;0.278388;-1.073691;0.489958;-0.498306;0.374350;0.000000;0.005074;-0.004612;0.056843;0.274831;-1.069080
-3141593;-1;-1073737481;-1;0.057074;0.275642;-1.047273;-0.839262;0.239105;0.987000;0.000000;-0.000843;0.021807;0.056843;0.274831;-1.069080
-3141593;-1;-1073741577;-1;0.060285;0.271105;-1.073822;0.184992;0.170943;0.065533;0.000000;-0.005072;-0.004742;0.056843;0.274831;-1.069080
-3141593;-1;-1073696521;-1;0.213060;0.163167;-1.088068;-0.321759;-0.450139;-0.414035;0.000000;0.192023;-0.018988;0.056843;0.274831;-1.069080
-3141593;-1;-1073737481;1;0.118889;0.217909;-0.878911;-0.346106;-0.377262;-0.488523;0.000000;0.084201;0.190169;0.056843;0.274831;-1.069080
-3141593;-1;-1006632713;1;0.345046;-1.028894;9.237051;0.190042;0.042011;-0.060473;0.000000;-1.335200;10.306130;0.056843;0.274831;-1.069080
