fLabel;fIndex;fStatus;fSign;fV.fX;fV.fY;fV.fZ;fP.fX;fP.fY;fP.fZ;fBeta;fDcaXY;fDcaZ;fPVX;fPVY;fPVZ
-3141593;-1;-1073737481;-1;0.030413;0.264091;-13.537368;-0.713861;-0.576943;0.708797;0.000000;-0.007318;-0.005664;0.035013;0.258399;-13.531704
-3141593;-1;-1073696521;-1;0.031099;0.248427;-13.524641;-0.641562;0.251827;0.158821;0.000000;0.010712;0.007063;0.035013;0.258399;-13.531704
-3141593;-1;-1073741577;-1;0.062962;0.320061;-13.247986;0.238671;-0.108180;-0.026147;0.000000;0.067700;0.283718;0.035013;0.258399;-13.531704
