fLabel;fIndex;fStatus;fSign;fV.fX;fV.fY;fV.fZ;fP.fX;fP.fY;fP.fZ;fBeta;fDcaXY;fDcaZ;fPVX;fPVY;fPVZ
-3141593;-1;-1073737481;-1;0.069631;0.291227;-14.247757;0.434478;-0.192174;0.397342;0.000000;0.035491;-0.080510;0.055274;0.258769;-14.167248
