fLabel;fIndex;fStatus;fSign;fV.fX;fV.fY;fV.fZ;fP.fX;fP.fY;fP.fZ;fBeta;fDcaXY;fDcaZ;fPVX;fPVY;fPVZ
-3141593;-1;-1073741569;-1;0.052780;0.273805;-5.092506;0.232884;0.056670;0.270953;0.000000;0.010421;-0.000151;0.055244;0.263679;-5.092356
