fLabel;fIndex;fStatus;fSign;fV.fX;fV.fY;fV.fZ;fP.fX;fP.fY;fP.fZ;fBeta;fDcaXY;fDcaZ;fPVX;fPVY;fPVZ
-3141593;-1;-1073737473;1;0.042386;0.251952;11.920566;-0.876700;0.556048;0.699693;0.000000;0.008488;0.012479;0.046932;0.259120;11.908086
-3141593;-1;-1073696513;1;0.046647;0.258900;11.919847;1.104752;-1.431698;0.347240;0.000000;-0.000360;0.011760;0.046932;0.259120;11.908086
-3141593;-1;-1073737473;-1;0.053576;0.263186;11.897496;0.607159;-0.992121;0.138815;0.000000;0.007788;-0.010590;0.046932;0.259120;11.908086
-3141593;-1;-1073696513;1;0.084033;0.320809;11.784673;0.385951;-0.232118;0.044611;0.000000;0.071985;-0.123414;0.046932;0.259120;11.908086
-3141593;-1;-1073741569;-1;-0.001498;0.263316;11.903996;0.012482;0.144064;-0.150995;0.000000;0.048612;-0.004089;0.046932;0.259120;11.908086
