fLabel;fIndex;fStatus;fSign;fV.fX;fV.fY;fV.fZ;fP.fX;fP.fY;fP.fZ;fBeta;fDcaXY;fDcaZ;fPVX;fPVY;fPVZ
-3141593;-1;-1073737481;-1;0.304323;-0.413337;2.129517;-0.483352;-0.161965;0.278756;0.000000;0.744642;2.129517;0.000000;0.000000;0.000000
