fLabel;fIndex;fStatus;fSign;fV.fX;fV.fY;fV.fZ;fP.fX;fP.fY;fP.fZ;fBeta;fDcaXY;fDcaZ;fPVX;fPVY;fPVZ
-3141593;-1;-1073737481;-1;0.003393;0.286804;11.899293;0.068030;-0.739844;-0.040565;0.000000;-0.064611;11.899293;0.103831;0.573656;12.683846
-3141593;-1;-1073737481;1;0.057174;0.296707;11.719306;0.299999;0.794531;-0.017247;0.000000;0.011286;11.719306;0.103831;0.573656;12.683846
-3141593;-1;-1073737481;-1;-0.074686;0.149659;11.166824;-0.340857;0.339326;-0.491961;0.000000;0.201865;11.166824;0.103831;0.573656;12.683846
