fLabel;fIndex;fStatus;fSign;fV.fX;fV.fY;fV.fZ;fP.fX;fP.fY;fP.fZ;fBeta;fDcaXY;fDcaZ;fPVX;fPVY;fPVZ
-3141593;-1;-1073737481;-1;0.035615;0.284575;-5.921198;-0.402283;-0.337526;0.404257;0.000000;-0.024877;-0.000786;0.051605;0.265517;-5.920412
