fLabel;fIndex;fStatus;fSign;fV.fX;fV.fY;fV.fZ;fP.fX;fP.fY;fP.fZ;fBeta;fDcaXY;fDcaZ;fPVX;fPVY;fPVZ
-3141593;-1;-1073696521;-1;0.060588;0.254507;-2.705972;-3.768673;-1.737889;2.924832;0.000000;0.001496;0.001788;0.059962;0.255865;-2.707761
-3141593;-1;-1073737481;1;0.048806;0.257695;-2.696661;0.146662;0.893992;0.033508;0.000000;0.011306;0.011100;0.059962;0.255865;-2.707761
-3141593;-1;-1073737481;-1;0.062812;0.258533;-2.715130;-0.320658;0.342654;0.042040;0.000000;-0.003904;-0.007369;0.059962;0.255865;-2.707761
-3141593;-1;-1073737481;1;0.072694;0.268537;-2.650675;-0.466101;0.468340;-0.249953;0.000000;-0.017963;0.057085;0.059962;0.255865;-2.707761
-3141593;-1;-1006632713;1;0.043960;0.251152;-3.407084;0.077904;-0.264514;-0.033787;0.000000;-0.016681;-0.699323;0.059962;0.255865;-2.707761
-3141593;-1;-1073737481;-1;0.060447;0.252382;-2.779105;0.378320;0.052677;-0.086394;0.000000;-0.003517;-0.071345;0.059962;0.255865;-2.707761
-3141593;-1;-1073737481;1;0.084695;0.254146;-2.794462;0.024570;0.353471;0.116775;0.000000;-0.024793;-0.086701;0.059962;0.255865;-2.707761
-3141593;-1;-1006587657;1;0.139637;0.389345;-0.968312;0.385850;-0.230318;0.055832;0.000000;0.155451;1.739449;0.059962;0.255865;-2.707761
-3141593;-1;-1073741577;1;0.067827;0.185816;-2.639907;0.138319;0.015530;0.031500;0.000001;-0.070489;0.067853;0.059962;0.255865;-2.707761
