fLabel;fIndex;fStatus;fSign;fV.fX;fV.fY;fV.fZ;fP.fX;fP.fY;fP.fZ;fBeta;fDcaXY;fDcaZ;fPVX;fPVY;fPVZ
-3141593;-1;-1073696521;-1;0.061304;0.225320;-12.841103;-1.406124;-0.363089;-0.264393;0.000000;0.029618;-0.047059;0.053899;0.253997;-12.794044
-3141593;-1;-1073737481;1;0.050184;0.241818;-12.796401;-0.451060;0.137589;-0.041119;0.000000;0.012734;-0.002358;0.053899;0.253997;-12.794044
-3141593;-1;-1073737481;1;0.137247;0.195462;-12.486354;-0.268124;-0.381781;0.027603;0.000000;0.101849;0.307690;0.053899;0.253997;-12.794044
-3141593;-1;-1073737481;-1;0.047908;0.248840;-12.789262;0.346992;-0.403122;0.135588;0.000000;-0.007905;0.004782;0.053899;0.253997;-12.794044
-3141593;-1;-1006628617;1;-0.075367;0.426339;-3.738352;0.395276;0.296478;0.116416;0.000000;0.215433;9.055692;0.053899;0.253997;-12.794044
-3141593;-1;-1073696521;-1;0.063520;0.261839;-12.798934;0.233325;-0.286235;0.102118;0.000000;0.012412;-0.004891;0.053899;0.253997;-12.794044
-3141593;-1;-1006628617;1;0.166989;0.504537;-3.685486;0.303669;-0.137072;0.042097;0.000000;0.274881;9.108557;0.053899;0.253997;-12.794044
-3141593;-1;-1006632713;1;-0.050580;0.177911;-3.220849;-0.125393;0.172187;0.046891;0.000000;0.129247;9.573195;0.053899;0.253997;-12.794044
-3141593;-1;-1006628617;1;0.058320;0.251127;-5.432452;0.615898;0.948583;-0.486664;0.000000;-0.005271;7.361591;0.053899;0.253997;-12.794044
