fLabel;fIndex;fStatus;fSign;fV.fX;fV.fY;fV.fZ;fP.fX;fP.fY;fP.fZ;fBeta;fDcaXY;fDcaZ;fPVX;fPVY;fPVZ
-3141593;-1;-1073737473;-1;0.045543;0.270372;-0.075058;0.311782;0.306052;-0.409257;0.000000;0.006369;-0.010920;0.050005;0.265827;-0.064138
-3141593;-1;-1073741569;-1;-0.010263;0.327628;0.107759;-0.184204;-0.179637;0.251902;0.000000;-0.086323;0.171897;0.050005;0.265827;-0.064138
-3141593;-1;-1073741569;1;0.151688;0.243419;-0.198394;-0.045530;-0.206604;0.101487;0.000000;0.104123;-0.134255;0.050005;0.265827;-0.064138
-3141593;-1;-1073737481;1;0.050256;0.264494;-0.048326;0.397786;0.074996;0.510779;0.000000;-0.001357;0.015812;0.050005;0.265827;-0.064138
-3141593;-1;-1073741577;1;0.110978;0.124117;0.120426;-0.179301;-0.077147;-0.222773;0.000002;0.154271;0.184565;0.050005;0.265827;-0.064138
-3141593;-1;-1073741569;-1;-0.065748;0.237660;0.365622;0.047880;-0.196762;0.218612;0.000000;-0.119131;0.429761;0.050005;0.265827;-0.064138
