fLabel;fIndex;fStatus;fSign;fV.fX;fV.fY;fV.fZ;fP.fX;fP.fY;fP.fZ;fBeta;fDcaXY;fDcaZ;fPVX;fPVY;fPVZ
-3141593;-1;-1073737473;1;0.058059;0.250960;-6.379124;0.780997;-0.007104;-0.191343;0.000000;-0.001607;-0.006677;0.058074;0.252566;-6.372447
-3141593;-1;-1073737473;-1;0.061874;0.245771;-6.358842;0.301198;0.168450;0.235293;0.000000;-0.007786;0.013605;0.058074;0.252566;-6.372447
-3141593;-1;-1006587649;1;-0.647351;-0.118540;-5.849051;0.172925;-0.328708;-0.124141;0.000000;-0.797084;0.523397;0.058074;0.252566;-6.372447
-3141593;-1;-1073741569;-1;0.047270;0.266437;-6.192164;0.148208;0.115436;-0.163311;0.000000;0.017582;0.180283;0.058074;0.252566;-6.372447
