fLabel;fIndex;fStatus;fSign;fV.fX;fV.fY;fV.fZ;fP.fX;fP.fY;fP.fZ;fBeta;fDcaXY;fDcaZ;fPVX;fPVY;fPVZ
-3141593;-1;-1073737481;1;0.006333;0.248225;0.110265;-0.186794;0.458048;-0.005622;0.000000;0.060334;-0.004079;0.062199;0.271008;0.114344
-3141593;-1;-1073737481;1;0.065485;0.271681;0.107935;-0.193121;0.943039;-1.129307;0.000000;-0.003354;-0.006409;0.062199;0.271008;0.114344
-3141593;-1;-1073696513;1;0.060249;0.270812;0.105838;0.049604;-0.493699;0.213613;0.000000;-0.001961;-0.008506;0.062199;0.271008;0.114344
-3141593;-1;-1073737473;1;-0.035368;0.364990;0.206066;-0.277984;-0.288589;-0.426904;0.000000;-0.135470;0.091722;0.062199;0.271008;0.114344
-3141593;-1;-1073741569;-1;0.049250;0.286743;0.082662;-0.165764;-0.136407;0.222875;0.000000;-0.020378;-0.031682;0.062199;0.271008;0.114344
