fLabel;fIndex;fStatus;fSign;fV.fX;fV.fY;fV.fZ;fP.fX;fP.fY;fP.fZ;fBeta;fDcaXY;fDcaZ;fPVX;fPVY;fPVZ
-3141593;-1;-1006628617;-1;0.480859;1.024291;14.191744;-1.355410;0.757688;0.052427;0.000000;-0.872657;-0.347070;0.055049;0.262572;14.538814
-3141593;-1;-1073737473;1;0.054753;0.262271;14.579567;0.442138;-0.436157;-0.816634;0.000000;-0.000423;0.040753;0.055049;0.262572;14.538814
-3141593;-1;-1073696513;1;0.054124;0.265807;14.515030;0.356434;0.101975;-0.147081;0.000000;0.003366;-0.023784;0.055049;0.262572;14.538814
