fLabel;fIndex;fStatus;fSign;fV.fX;fV.fY;fV.fZ;fP.fX;fP.fY;fP.fZ;fBeta;fDcaXY;fDcaZ;fPVX;fPVY;fPVZ
-3141593;-1;-1073696513;-1;0.042591;0.276662;2.146163;-0.163673;-0.414768;-0.008277;0.000000;-0.015903;0.040010;0.057384;0.270825;2.106153
-3141593;-1;-1006628617;1;0.029813;0.287222;-4.018282;-0.639160;-1.074738;-0.771867;0.000000;-0.032078;-6.124435;0.057384;0.270825;2.106153
-3141593;-1;-1073741569;1;0.069271;0.280529;2.116148;0.156830;-0.192105;0.202555;0.000000;0.015345;0.009995;0.057384;0.270825;2.106153
