fLabel;fIndex;fStatus;fSign;fV.fX;fV.fY;fV.fZ;fP.fX;fP.fY;fP.fZ;fBeta;fDcaXY;fDcaZ;fPVX;fPVY;fPVZ
-3141593;-1;-1073696521;1;0.054948;0.258402;-3.830218;0.346808;0.634030;0.599431;0.000000;0.001632;0.009113;0.056380;0.257618;-3.839330
-3141593;-1;-1073737481;1;0.059688;0.244709;-3.858311;0.316239;0.081047;0.240377;0.000000;-0.013326;-0.018980;0.056380;0.257618;-3.839330
-3141593;-1;-1073741577;1;0.071859;0.210034;-3.836975;0.273521;0.088976;-0.056078;0.000000;-0.050038;0.002355;0.056380;0.257618;-3.839330
