fLabel;fIndex;fStatus;fSign;fV.fX;fV.fY;fV.fZ;fP.fX;fP.fY;fP.fZ;fBeta;fDcaXY;fDcaZ;fPVX;fPVY;fPVZ
-3141593;-1;-1006632713;1;-0.490006;1.844621;-8.014419;-0.432027;-0.152867;-0.342346;0.000000;-1.682753;-1.757681;0.071310;0.258248;-6.256738
-3141593;-1;-1073737481;1;0.087993;0.228775;-6.232534;-0.254988;-0.144338;0.214348;0.000000;0.033867;0.024203;0.071310;0.258248;-6.256738
-3141593;-1;-1006632713;-1;-0.395388;-0.723135;-7.457874;0.197465;-0.093905;-0.044796;0.000001;-1.086700;-1.201136;0.071310;0.258248;-6.256738
-3141593;-1;-1073737481;-1;0.066046;0.250840;-6.315240;-0.372228;0.264510;-0.420897;0.000000;0.009088;-0.058502;0.071310;0.258248;-6.256738
-3141593;-1;-1006628617;1;-1.848068;1.289813;-5.248328;-0.155275;-0.288912;0.281628;0.000000;-2.179022;1.008410;0.071310;0.258248;-6.256738
-3141593;-1;-1073737481;-1;0.071500;0.258894;-6.248009;-1.608414;0.472527;1.745250;0.000016;-0.000673;0.008729;0.071310;0.258248;-6.256738
-3141593;-1;-1073737481;-1;0.094668;0.283592;-6.215600;0.232091;-0.213900;-0.164255;0.000000;0.034466;0.041138;0.071310;0.258248;-6.256738
-3141593;-1;-1006632713;1;-0.913614;-1.453115;-8.818273;0.120468;-0.069332;-0.023433;0.000000;-1.974548;-2.561535;0.071310;0.258248;-6.256738
