fLabel;fIndex;fStatus;fSign;fV.fX;fV.fY;fV.fZ;fP.fX;fP.fY;fP.fZ;fBeta;fDcaXY;fDcaZ;fPVX;fPVY;fPVZ
-3141593;-1;-1006587649;-1;1.161495;0.756233;-7.518136;-0.306149;0.684143;0.596781;0.000000;-1.212735;-0.101515;0.054539;0.260878;-7.416621
-3141593;-1;-1073737473;-1;0.052239;0.262061;-7.533174;-0.256607;-0.498880;0.522072;0.000000;-0.002586;-0.116553;0.054539;0.260878;-7.416621
-3141593;-1;-1073737473;-1;0.054547;0.260863;-7.405406;-0.590519;-0.343099;0.773066;0.000000;0.000017;0.011215;0.054539;0.260878;-7.416621
-3141593;-1;-1006632705;-1;0.693276;-0.227134;-4.968469;-0.126994;-0.166217;0.210075;0.000000;0.803828;2.448152;0.054539;0.260878;-7.416621
-3141593;-1;-1073741569;1;-0.024323;0.251064;-7.399887;-0.023539;0.189152;0.207573;0.000000;0.079470;0.016734;0.054539;0.260878;-7.416621
