fLabel;fIndex;fStatus;fSign;fV.fX;fV.fY;fV.fZ;fP.fX;fP.fY;fP.fZ;fBeta;fDcaXY;fDcaZ;fPVX;fPVY;fPVZ
-3141593;-1;-1073741577;-1;0.037775;0.253294;-4.532249;0.119433;-0.267420;0.237831;0.000000;-0.012245;-0.000582;0.048956;0.258287;-4.531667
