fLabel;fIndex;fStatus;fSign;fV.fX;fV.fY;fV.fZ;fP.fX;fP.fY;fP.fZ;fBeta;fDcaXY;fDcaZ;fPVX;fPVY;fPVZ
-3141593;-1;-1073737481;1;0.040504;0.262751;-4.707363;0.045882;0.377052;-0.379887;0.000000;0.007506;-0.000095;0.047956;0.261844;-4.707268
