fLabel;fIndex;fStatus;fSign;fV.fX;fV.fY;fV.fZ;fP.fX;fP.fY;fP.fZ;fBeta;fDcaXY;fDcaZ;fPVX;fPVY;fPVZ
-3141593;-1;-1073737481;-1;0.068630;0.264934;14.532351;-0.136881;0.421240;-0.125876;0.000000;-0.009278;0.000628;0.059806;0.262066;14.531722
