fLabel;fIndex;fStatus;fSign;fV.fX;fV.fY;fV.fZ;fP.fX;fP.fY;fP.fZ;fBeta;fDcaXY;fDcaZ;fPVX;fPVY;fPVZ
-3141593;-1;-1073696521;-1;-0.007410;0.132591;7.873947;0.631807;-0.288771;0.323210;0.000000;-0.143024;-0.234897;0.052044;0.262672;8.108844
-3141593;-1;-1073696521;1;0.047067;0.260522;8.096525;-0.153886;0.356200;0.151680;0.000000;0.005422;-0.012318;0.052044;0.262672;8.108844
-3141593;-1;-1073737481;1;0.044902;0.259406;8.033863;-0.282227;0.617122;-0.827440;0.000000;0.007854;-0.074980;0.052044;0.262672;8.108844
-3141593;-1;-1073737481;-1;0.050920;0.269498;8.120634;-0.572026;-0.094165;-0.471763;0.000000;-0.006918;0.011791;0.052044;0.262672;8.108844
