fLabel;fIndex;fStatus;fSign;fV.fX;fV.fY;fV.fZ;fP.fX;fP.fY;fP.fZ;fBeta;fDcaXY;fDcaZ;fPVX;fPVY;fPVZ
-3141593;-1;-1073737481;-1;0.044091;0.277133;-14.278869;0.509052;0.345324;1.050276;0.000000;0.008738;-0.000191;0.048996;0.269902;-14.278678
