fLabel;fIndex;fStatus;fSign;fV.fX;fV.fY;fV.fZ;fP.fX;fP.fY;fP.fZ;fBeta;fDcaXY;fDcaZ;fPVX;fPVY;fPVZ
-3141593;-1;-1073737473;1;0.059326;0.271212;-5.662573;-0.721090;-0.252575;-0.277344;0.000000;-0.013566;-0.029670;0.063811;0.258408;-5.632904
-3141593;-1;-1073696521;-1;0.080664;0.260610;-5.559743;-0.086059;0.658598;-0.288445;0.000000;-0.016996;0.073160;0.063811;0.258408;-5.632904
-3141593;-1;-1073696513;1;0.073132;0.242887;-5.613445;-0.586778;-0.352386;0.149088;0.000000;0.018105;0.019458;0.063811;0.258408;-5.632904
-3141593;-1;-1073696513;1;0.068060;0.256486;-5.601602;-0.143927;-0.318164;0.286130;0.000000;0.004664;0.031301;0.063811;0.258408;-5.632904
-3141593;-1;-1073737473;1;0.068426;0.250653;-5.663379;0.358444;0.213343;0.485669;0.000000;-0.009025;-0.030475;0.063811;0.258408;-5.632904
-3141593;-1;-1006632705;1;-0.359320;-1.094506;-1.364781;-0.124801;0.039032;-0.067989;0.000001;1.417539;4.268123;0.063811;0.258408;-5.632904
