fLabel;fIndex;fStatus;fSign;fV.fX;fV.fY;fV.fZ;fP.fX;fP.fY;fP.fZ;fBeta;fDcaXY;fDcaZ;fPVX;fPVY;fPVZ
-3141593;-1;-1073696521;-1;0.053639;0.248048;-2.222726;-0.465298;0.079618;-0.286779;0.000000;0.007755;-0.000497;0.054947;0.255692;-2.222229
